yearID,teamID,W,G,R,RA,HR,H,SO,SV,attendance,ERA
2011,BAL,69,162,708,860,191,1434,1120.0,32,1755461.0,4.920967741935484
2011,BOS,90,162,875,737,203,1600,1108.0,36,3054001.0,4.199451052150046
2011,CHA,79,162,654,706,154,1387,989.0,42,2001117.0,4.0993150684931505
2011,CLE,80,162,704,760,154,1380,1269.0,38,1840835.0,4.241972477064221
2011,DET,95,162,787,711,169,1540,1143.0,52,2642045.0,4.04375
2011,KCA,71,162,730,762,129,1560,1006.0,37,1724450.0,4.446256316031236
2011,LAA,86,162,667,633,155,1394,1086.0,39,3166321.0,3.569283276450512
2011,MIN,63,162,619,804,103,1357,1048.0,32,3168116.0,4.59601406799531
2011,NYA,97,162,867,657,222,1452,1138.0,47,3653680.0,3.733714285714286
2011,OAK,74,162,645,679,114,1330,1094.0,39,1476791.0,3.7114897536265254
2011,SEA,67,162,556,675,109,1263,1280.0,39,1939421.0,3.9127704117236566
2011,TBA,91,162,707,614,172,1324,1193.0,32,1529188.0,3.5838509316770186
2011,TEX,96,162,855,677,210,1599,930.0,38,2946949.0,3.790240518038853
2011,TOR,81,162,743,761,186,1384,1184.0,33,1818103.0,4.32518281535649
2011,ARI,94,162,731,662,172,1357,1249.0,58,2105432.0,3.7974595842956123
2011,ATL,89,162,641,605,173,1345,1260.0,52,2372940.0,3.485244424419914
2011,CHN,71,162,654,756,148,1423,1202.0,40,3017966.0,4.3420869161050435
2011,CIN,79,162,735,720,183,1438,1250.0,39,2213588.0,4.157619804678628
2011,COL,73,162,735,774,163,1429,1201.0,41,2909777.0,4.438867142528206
2011,FLO,72,162,625,702,149,1358,1244.0,40,1477462.0,3.952272208266727
2011,HOU,56,162,615,796,95,1442,1164.0,25,2067016.0,4.509407665505226
2011,LAN,82,161,644,612,117,1395,1087.0,40,2935139.0,3.5635474860335195
2011,MIL,96,162,721,638,185,1422,1083.0,47,3071373.0,3.6395375722543353
2011,NYN,77,162,718,742,108,1477,1085.0,43,2352596.0,4.189226519337017
2011,PHI,102,162,713,529,153,1409,1024.0,47,3680718.0,3.022342586323629
2011,PIT,72,162,610,712,107,1325,1308.0,43,1940429.0,4.048758049678013
2011,SDN,71,162,593,611,91,1284,1320.0,44,2143018.0,3.427782888684453
2011,SFN,86,162,570,578,121,1327,1122.0,52,3387303.0,3.206403269754768
2011,SLN,90,162,762,692,162,1513,978.0,47,3093954.0,3.7859097127222983
2011,WAS,80,161,624,643,154,1319,1323.0,49,1940478.0,3.5830266789328427
2012,BAL,93,162,712,705,214,1375,1315.0,55,2102240.0,3.8961564396493595
2012,BOS,69,162,734,806,165,1459,1197.0,35,3043003.0,4.721413721413722
2012,CHA,85,162,748,676,211,1409,1203.0,37,1965955.0,4.02167396818077
2012,CLE,68,162,667,845,136,1385,1087.0,43,1603596.0,4.787101248266297
2012,DET,88,162,726,670,163,1467,1103.0,40,3028033.0,3.7681733457595525
2012,KCA,72,162,676,746,131,1492,1032.0,44,1739859.0,4.297427652733119
2012,LAA,89,162,767,699,187,1518,1113.0,38,3061770.0,4.018604651162791
2012,MIN,66,162,701,832,131,1448,1069.0,35,2776354.0,4.766913809082483
2012,NYA,95,162,804,668,245,1462,1176.0,51,3542406.0,3.8544741697416978
2012,OAK,94,162,713,614,195,1315,1387.0,47,1679013.0,3.4959183673469387
2012,SEA,75,162,619,651,149,1285,1259.0,43,1721920.0,3.762700228832952
2012,TBA,90,162,697,577,175,1293,1323.0,50,1559681.0,3.1938798812514273
2012,TEX,93,162,808,707,200,1526,1103.0,43,3460280.0,4.019417475728155
2012,TOR,73,162,716,784,198,1346,1251.0,29,2099663.0,4.644423920572616
2012,ARI,81,162,734,688,165,1416,1266.0,39,2177617.0,3.942338990932341
2012,ATL,94,162,700,600,149,1341,1289.0,47,2420171.0,3.4185885608856093
2012,CHN,61,162,613,759,137,1297,1235.0,28,2882756.0,4.50742749351568
2012,CIN,97,162,669,588,172,1377,1266.0,56,2347251.0,3.344803854094976
2012,COL,64,162,758,890,166,1526,1213.0,36,2630458.0,5.215189873417722
2012,HOU,55,162,583,794,146,1276,1365.0,31,1607733.0,4.565339578454333
2012,LAN,86,162,637,597,116,1369,1156.0,40,3324246.0,3.352494826396873
2012,MIA,69,162,609,724,137,1327,1228.0,38,2219444.0,4.104349838037945
2012,MIL,83,162,776,733,202,1442,1240.0,44,2831385.0,4.222426049071314
2012,NYN,74,162,650,709,139,1357,1250.0,36,2242803.0,4.092050209205021
2012,PHI,81,162,684,680,158,1414,1094.0,42,3565718.0,3.857142857142857
2012,PIT,79,162,651,674,170,1313,1354.0,45,2091918.0,3.911860465116279
2012,SDN,76,162,651,710,121,1339,1238.0,43,2123721.0,4.014869888475836
2012,SFN,94,162,718,649,103,1495,1097.0,53,3377371.0,3.6781529979324605
2012,SLN,88,162,765,648,159,1526,1192.0,42,3262109.0,3.710346399270738
2012,WAS,98,162,731,594,194,1468,1325.0,51,2370794.0,3.3405221339387063
2013,BAL,85,162,745,709,212,1460,1125.0,57,2357561.0,4.199587061252581
2013,BOS,97,162,853,656,178,1566,1308.0,33,2833333.0,3.794360385144429
2013,CHA,63,162,598,723,148,1385,1207.0,40,1768413.0,3.995876288659794
2013,CLE,92,162,745,662,171,1391,1283.0,38,1572926.0,3.815217391304348
2013,DET,93,162,796,624,176,1625,1073.0,39,3083397.0,3.6118960802187785
2013,HOU,51,162,610,848,148,1307,1535.0,32,1651883.0,4.79375
2013,KCA,86,162,648,601,112,1443,1048.0,52,1750754.0,3.4487917146144995
2013,LAA,78,162,733,737,164,1476,1221.0,41,3019505.0,4.241710496226847
2013,MIN,66,162,614,788,151,1346,1430.0,40,2477644.0,4.554814985060906
2013,NYA,85,162,650,671,144,1321,1214.0,49,3279589.0,3.9424228466144635
2013,OAK,96,162,767,625,186,1403,1178.0,46,1809302.0,3.5578512396694215
2013,SEA,71,162,624,754,188,1318,1353.0,43,1761546.0,4.318771331058021
2013,TBA,92,163,700,646,165,1421,1171.0,42,1510300.0,3.737704918032787
2013,TEX,91,163,730,636,176,1465,1067.0,46,3178273.0,3.62870159453303
2013,TOR,74,162,712,756,185,1398,1123.0,39,2536562.0,4.264462809917355
2013,ARI,81,162,685,695,130,1468,1142.0,38,2134795.0,3.9190635451505016
2013,ATL,96,162,688,548,181,1354,1384.0,53,2548679.0,3.177200643530223
2013,CHN,66,162,602,689,172,1307,1230.0,39,2642682.0,3.9965469613259668
2013,CIN,90,162,698,589,155,1370,1245.0,43,2534369.0,3.3833974213978735
2013,COL,74,162,706,760,159,1511,1204.0,35,2793828.0,4.437325905292479
2013,LAN,92,162,649,582,138,1447,1146.0,46,3743527.0,3.2516662836129626
2013,MIA,62,162,513,646,95,1257,1232.0,36,1586322.0,3.710958904109589
2013,MIL,74,162,640,687,157,1381,1183.0,40,2531105.0,3.836645101663586
2013,NYN,74,162,619,684,130,1318,1384.0,40,2135657.0,3.7848758465011283
2013,PHI,73,162,610,749,140,1355,1205.0,32,3012403.0,4.33604084474356
2013,PIT,94,162,634,577,161,1346,1330.0,55,2256862.0,3.274025385312783
2013,SDN,76,162,618,700,146,1349,1309.0,40,2166691.0,3.977319587628866
2013,SFN,76,162,629,691,107,1446,1078.0,41,3326796.0,3.998387839705205
2013,SLN,97,162,783,596,125,1494,1110.0,44,3369769.0,3.428179949760219
2013,WAS,86,162,656,626,161,1365,1192.0,47,2652422.0,3.585888863269541
2014,BAL,96,162,705,593,211,1434,1285.0,53,2464473.0,3.436587591240876
2014,BOS,71,162,634,715,123,1355,1337.0,36,2956089.0,4.009779395042074
2014,CHA,73,162,660,758,155,1400,1362.0,36,1650821.0,4.297015961138099
2014,CLE,85,162,669,653,142,1411,1189.0,40,1437393.0,3.573439273552781
2014,DET,90,162,757,705,155,1557,1144.0,41,2917209.0,4.011004126547455
2014,HOU,70,162,629,723,163,1317,1442.0,31,1751829.0,4.141334569045412
2014,KCA,89,162,651,624,95,1456,985.0,53,1956482.0,3.505284926470588
2014,LAA,98,162,773,630,155,1464,1266.0,46,3095935.0,3.581384892086331
2014,MIN,70,162,715,777,128,1412,1329.0,38,2250606.0,4.578397212543554
2014,NYA,84,162,633,664,147,1349,1133.0,48,3401624.0,3.7474191328286306
2014,OAK,88,162,729,572,146,1354,1104.0,31,2003628.0,3.2227790432801826
2014,SEA,87,162,634,554,136,1328,1232.0,51,2064334.0,3.1735537190082646
2014,TBA,77,162,612,625,117,1361,1124.0,37,1446464.0,3.560236848098383
2014,TEX,67,162,637,773,111,1400,1162.0,33,2718733.0,4.492638466931527
2014,TOR,83,162,723,686,177,1435,1151.0,45,2375525.0,4.004158004158004
2014,ARI,64,162,615,742,118,1379,1165.0,35,2073730.0,4.255942764828064
2014,ATL,79,162,573,597,123,1316,1369.0,54,2354305.0,3.3835051546391752
2014,CHN,73,162,614,707,157,1315,1477.0,37,2652113.0,3.9239179954441914
2014,CIN,76,162,595,612,131,1282,1252.0,44,2476664.0,3.5850622406639006
2014,COL,66,162,755,818,186,1551,1281.0,24,2680329.0,4.855345911949685
2014,LAN,94,162,718,617,134,1476,1246.0,47,3782337.0,3.404187528447883
2014,MIA,77,162,645,674,122,1399,1419.0,42,1732283.0,3.790990166933455
2014,MIL,82,162,650,657,150,1366,1197.0,45,2797384.0,3.667505145209238
2014,NYN,79,162,629,618,125,1306,1264.0,42,2148808.0,3.4925984969255293
2014,PHI,73,162,619,687,125,1356,1306.0,40,2423852.0,3.806356413166856
2014,PIT,88,162,682,631,156,1436,1244.0,48,2442564.0,3.4916456855115587
2014,SDN,77,162,535,577,109,1199,1294.0,41,2195373.0,3.2717794253938832
2014,SFN,88,162,665,614,132,1407,1245.0,46,3368697.0,3.5031055900621118
2014,SLN,90,162,619,603,105,1371,1133.0,55,3540649.0,3.5039116428900137
2014,WAS,96,162,686,555,152,1403,1304.0,45,2579389.0,3.0292384406165005
2015,BAL,81,162,713,693,217,1370,1331.0,43,2281202.0,4.0525092936802976
2015,BOS,78,162,748,753,161,1495,1148.0,40,2880694.0,4.337399309551208
2015,CHA,76,162,622,701,136,1381,1231.0,37,1755810.0,3.9837081229921982
2015,CLE,81,161,669,640,141,1395,1157.0,38,1388905.0,3.6812470916705444
2015,DET,74,161,689,803,151,1515,1259.0,35,2726048.0,4.639944713199723
2015,HOU,86,162,729,618,230,1363,1392.0,39,2153585.0,3.572519083969466
2015,KCA,95,162,724,641,139,1497,973.0,56,2708549.0,3.737603305785124
2015,LAA,85,162,661,675,176,1331,1150.0,46,3012765.0,3.9419250347061543
2015,MIN,83,162,696,700,156,1349,1264.0,45,2220054.0,4.072765072765073
2015,NYA,87,162,764,698,212,1397,1227.0,48,3193795.0,4.031785959295678
2015,OAK,68,162,694,729,146,1405,1119.0,28,1768175.0,4.161513613290263
2015,SEA,76,162,656,726,198,1379,1336.0,45,2193581.0,4.16473000683527
2015,TBA,80,162,644,642,167,1383,1310.0,60,1287054.0,3.7403669724770645
2015,TEX,88,162,751,733,172,1419,1233.0,45,2491875.0,4.2546210720887245
2015,TOR,93,162,891,670,232,1480,1151.0,34,2794891.0,3.809854267869535
2015,ARI,79,162,720,713,154,1494,1312.0,44,2080145.0,4.05
2015,ATL,67,162,573,760,100,1361,1107.0,44,2001392.0,4.413704396632367
2015,CHN,97,162,689,608,171,1341,1518.0,48,2919122.0,3.362682481751825
2015,CIN,64,162,640,754,167,1382,1255.0,35,2419506.0,4.347247706422019
2015,COL,68,162,737,844,186,1479,1283.0,36,2506789.0,5.04159850432344
2015,LAN,92,162,667,595,187,1346,1258.0,47,3764815.0,3.4551533317961725
2015,MIA,71,162,613,678,120,1420,1150.0,35,1752235.0,4.036440084092502
2015,MIL,68,162,655,737,145,1378,1299.0,40,2542558.0,4.277351916376307
2015,NYN,90,162,683,613,177,1351,1290.0,50,2569753.0,3.4519143117593436
2015,PHI,63,162,626,809,130,1374,1274.0,35,1831080.0,4.693200278486888
2015,PIT,98,162,697,596,140,1462,1322.0,54,2498596.0,3.22622510628776
2015,SDN,74,162,650,731,148,1324,1327.0,41,2459742.0,4.092802591992594
2015,SFN,84,162,696,627,136,1486,1159.0,41,3375882.0,3.7325178859912302
2015,SLN,100,162,647,525,137,1386,1267.0,62,3520889.0,2.9371870732817476
2015,WAS,83,162,703,635,177,1363,1344.0,41,2619843.0,3.619656133828996
2016,BAL,89,162,744,715,253,1413,1324.0,54,2172344.0,4.217178770949721
2016,BOS,93,162,878,694,208,1598,1160.0,43,2955434.0,4.0009261403102565
2016,CHA,78,162,686,715,168,1428,1285.0,43,1746293.0,4.118433179723502
2016,CLE,94,161,777,676,185,1435,1246.0,37,1591667.0,3.8553633217993077
2016,DET,86,161,750,721,211,1476,1303.0,47,2493859.0,4.241596638655462
2016,HOU,84,162,724,701,198,1367,1452.0,44,2306623.0,4.064713896457766
2016,KCA,81,162,675,712,147,1450,1224.0,41,2557712.0,4.2125
2016,LAA,74,162,717,727,156,1410,991.0,29,3016142.0,4.280487804878049
2016,MIN,59,162,722,889,200,1409,1426.0,26,1963912.0,5.08939708939709
2016,NYA,84,162,680,702,183,1378,1188.0,48,3063405.0,4.164994165694282
2016,OAK,69,162,653,761,169,1352,1145.0,42,1521506.0,4.514651162790698
2016,SEA,86,162,768,707,223,1446,1288.0,49,2267928.0,3.9965682910089226
2016,TBA,68,162,672,713,216,1333,1482.0,42,1286163.0,4.196073849030148
2016,TEX,95,162,765,757,215,1446,1220.0,56,2710402.0,4.384615384615385
2016,TOR,89,162,759,666,221,1358,1362.0,43,3392099.0,3.792827775239836
2016,ARI,69,162,752,890,190,1479,1427.0,31,2036216.0,5.0911805236564085
2016,ATL,68,161,649,779,122,1404,1240.0,39,2020914.0,4.507253050886484
2016,CHN,103,162,808,556,199,1409,1339.0,38,3232420.0,3.150719342315597
2016,CIN,68,162,716,854,164,1403,1284.0,28,1894085.0,4.911927877947296
2016,COL,75,162,845,860,204,1544,1330.0,37,2602524.0,4.917677238805971
2016,LAN,91,162,725,638,189,1376,1321.0,47,3703312.0,3.7040605643496214
2016,MIA,79,161,655,682,128,1460,1213.0,55,1712417.0,4.051567944250871
2016,MIL,73,162,671,733,194,1299,1543.0,46,2314614.0,4.097373925168488
2016,NYN,87,162,671,617,218,1342,1302.0,55,2789602.0,3.5763648928818244
2016,PHI,71,162,610,796,161,1305,1376.0,43,1915144.0,4.640918580375783
2016,PIT,78,162,729,758,153,1426,1334.0,51,2249201.0,4.224954044117647
2016,SDN,68,162,686,770,177,1275,1500.0,35,2351422.0,4.44375
2016,SFN,87,162,715,631,130,1437,1107.0,43,3365256.0,3.691622917142205
2016,SLN,86,162,779,712,225,1415,1318.0,38,3444490.0,4.076409666283085
2016,WAS,95,162,763,612,203,1403,1252.0,46,2481938.0,3.5206668189084263
2017,BAL,75,162,743,841,232,1469,1412.0,35,2028424.0,4.971547536433032
2017,BOS,93,162,785,668,168,1461,1224.0,39,2917678.0,3.733977962671464
2017,CHA,67,162,706,820,186,1412,1397.0,25,1629470.0,4.7796014067995305
2017,CLE,102,162,818,564,212,1449,1153.0,37,2048138.0,3.304720037019898
2017,DET,64,162,735,894,187,1435,1313.0,32,2321599.0,5.360713447547524
2017,HOU,101,162,896,700,238,1581,1087.0,45,2403671.0,4.1203319502074685
2017,KCA,80,162,702,791,193,1436,1166.0,39,2220370.0,4.632506376072339
2017,LAA,80,162,710,709,186,1314,1198.0,43,3019585.0,4.198056455344748
2017,MIN,85,162,815,788,206,1444,1342.0,42,2051279.0,4.600278551532034
2017,NYA,91,162,858,660,241,1463,1386.0,36,3146966.0,3.7462034054302804
2017,OAK,75,162,739,826,234,1344,1491.0,35,1475721.0,4.672955974842767
2017,SEA,78,162,750,772,200,1436,1267.0,39,2135445.0,4.455218699375145
2017,TBA,80,162,694,704,228,1340,1538.0,53,1253619.0,3.986159169550173
2017,TEX,78,162,799,816,237,1326,1493.0,29,2507760.0,4.699744364396933
2017,TOR,76,162,693,784,222,1320,1327.0,45,3203886.0,4.42320819112628
2017,ARI,93,162,812,659,220,1405,1456.0,43,2134375.0,3.6724496877168633
2017,ATL,72,162,732,821,165,1467,1184.0,36,2505252.0,4.720629047178539
2017,CHN,92,162,822,695,223,1402,1401.0,38,3199562.0,3.9548595117457395
2017,CIN,68,162,753,869,219,1390,1329.0,33,1836917.0,5.167132867132867
2017,COL,87,162,824,757,192,1510,1408.0,47,2953650.0,4.513563644794806
2017,LAN,104,162,770,580,221,1347,1380.0,51,3765856.0,3.382787263497923
2017,MIA,77,162,778,822,194,1497,1282.0,34,1583014.0,4.816081330868761
2017,MIL,86,162,732,697,224,1363,1571.0,54,2627705.0,3.9967719621858424
2017,NYN,70,162,735,863,224,1379,1291.0,34,2460622.0,5.012314126394052
2017,PHI,66,162,690,782,174,1382,1417.0,33,1905354.0,4.565579458709229
2017,PIT,75,162,668,731,151,1331,1213.0,36,1919447.0,4.229291994447015
2017,SDN,71,162,604,816,189,1251,1499.0,45,2138491.0,4.6992078285181735
2017,SFN,64,162,639,776,128,1382,1204.0,32,3303652.0,4.5
2017,SLN,83,162,761,705,196,1402,1348.0,43,3447937.0,4.0149390944610435
2017,WAS,97,162,819,672,215,1477,1327.0,46,2524980.0,3.882027649769585
2018,BAL,47,162,622,892,188,1317,1412.0,28,1564192.0,5.188679245283019
2018,BOS,108,162,876,647,208,1509,1253.0,46,2895575.0,3.7513711151736744
2018,CHA,62,162,656,848,182,1332,1594.0,34,1608817.0,4.847599164926931
2018,CLE,91,162,818,648,216,1447,1189.0,41,1926701.0,3.7733302836230562
2018,DET,64,162,630,796,135,1326,1341.0,37,1856970.0,4.596819457436857
2018,HOU,103,162,797,534,205,1390,1197.0,46,2980549.0,3.111340206185567
2018,KCA,58,162,638,833,155,1350,1310.0,33,1665107.0,4.94622905027933
2018,LAA,80,162,721,722,214,1323,1300.0,35,3020216.0,4.151437847866419
2018,MIN,78,162,738,775,166,1379,1328.0,37,1959197.0,4.502078521939954
2018,NYA,100,162,851,669,267,1374,1421.0,49,3482855.0,3.7759212634470134
2018,OAK,97,162,813,674,227,1407,1381.0,44,1573616.0,3.8194223334091424
2018,SEA,89,162,677,711,176,1402,1221.0,60,2299489.0,4.125172572480442
2018,TBA,90,162,716,646,150,1415,1388.0,52,1154973.0,3.747065592635213
2018,TEX,67,162,737,848,194,1308,1484.0,42,2107107.0,4.9245283018867925
2018,TOR,73,162,709,832,217,1336,1387.0,39,2325281.0,4.8525924203673565
2018,ARI,82,162,693,644,176,1283,1460.0,39,2242695.0,3.7279562542720437
2018,ATL,90,162,759,657,175,1433,1290.0,40,2555781.0,3.7503432494279174
2018,CHN,95,163,761,645,167,1453,1388.0,46,3181089.0,3.64551817566042
2018,CIN,67,162,696,819,172,1404,1376.0,38,1629356.0,4.653018736988202
2018,COL,91,163,780,745,210,1418,1397.0,51,3015880.0,4.331650218039936
2018,LAN,92,163,804,610,235,1394,1436.0,48,3857500.0,3.3963414634146343
2018,MIA,63,161,589,809,128,1303,1384.0,30,811104.0,4.762135922330097
2018,MIL,96,163,754,659,218,1398,1458.0,49,2850875.0,3.7330595482546203
2018,NYN,77,162,676,707,170,1282,1404.0,41,2224995.0,4.0727978092195345
2018,PHI,80,162,677,728,186,1271,1520.0,44,2158124.0,4.146183998155407
2018,PIT,82,161,692,693,157,1381,1229.0,40,1465316.0,4.00418410041841
2018,SDN,66,162,617,767,162,1289,1523.0,36,2168536.0,4.410432395332876
2018,SFN,73,162,603,699,133,1324,1467.0,36,3156185.0,3.953923357664234
2018,SLN,88,162,759,691,205,1369,1380.0,43,3403587.0,3.8527256069628955
2018,WAS,82,162,771,682,191,1402,1289.0,40,2529604.0,4.039419087136929
2019,BAL,54,162,729,981,213,1379,1435.0,27,1307807.0,5.669438669438669
2019,BOS,84,162,901,828,245,1554,1382.0,33,2924627.0,4.698844323589395
2019,CHA,72,161,708,832,182,1443,1549.0,33,1649775.0,4.905615856536102
2019,CLE,93,162,769,657,223,1354,1332.0,42,1738642.0,3.793647113378159
2019,DET,47,161,582,915,149,1333,1595.0,31,1501430.0,5.256803907885555
2019,HOU,107,162,920,640,288,1538,1166.0,47,2857367.0,3.661955778436289
2019,KCA,59,162,691,869,162,1356,1405.0,37,1479659.0,5.20421052631579
2019,LAA,72,162,769,868,220,1368,1276.0,32,3019012.0,5.115526802218114
2019,MIN,101,162,939,754,307,1547,1334.0,50,2294152.0,4.182232346241458
2019,NYA,103,162,943,739,306,1493,1437.0,50,3304404.0,4.3097713097713095
2019,OAK,97,162,845,680,257,1384,1338.0,45,1662211.0,3.9686006825938565
2019,SEA,68,162,758,893,239,1305,1581.0,34,1791863.0,4.996062992125984
2019,TBA,96,162,769,656,217,1427,1493.0,46,1178735.0,3.6748813022835183
2019,TEX,78,162,810,878,223,1374,1578.0,33,2132994.0,5.088317107093185
2019,TOR,67,162,726,828,247,1299,1514.0,33,1750114.0,4.7926405924554505
2019,ARI,85,162,813,743,220,1419,1360.0,45,2135510.0,4.245051194539249
2019,ATL,97,162,855,743,249,1432,1467.0,44,2655100.0,4.200137867647059
2019,CHN,84,162,814,717,256,1378,1460.0,38,3094865.0,4.100554785020805
2019,CIN,75,162,701,711,227,1328,1436.0,46,1808685.0,4.180806675938804
2019,COL,71,162,835,958,224,1502,1503.0,28,2993244.0,5.578923147722043
2019,LAN,106,162,886,613,279,1414,1356.0,44,3974309.0,3.392898316808854
2019,MIA,57,162,615,808,146,1326,1469.0,27,811302.0,4.735748903761828
2019,MIL,89,162,769,766,250,1366,1563.0,50,2923333.0,4.403380539058931
2019,NYN,86,162,791,737,242,1445,1384.0,38,2442532.0,4.250513347022587
2019,PHI,81,162,774,794,215,1369,1453.0,36,2727421.0,4.531988076129328
2019,PIT,69,162,758,911,163,1497,1213.0,31,1491439.0,5.1875
2019,SDN,70,162,682,789,219,1281,1581.0,47,2396399.0,4.631983240223463
2019,SFN,77,162,678,773,167,1332,1435.0,41,2707760.0,4.380530973451328
2019,SLN,91,162,764,662,210,1336,1420.0,52,3480393.0,3.8206371191135733
2019,WAS,93,162,873,724,231,1460,1308.0,40,2259781.0,4.276980083371932
2020,BAL,25,60,274,294,77,523,514.0,11,0.0,4.5115681233933165
2020,BOS,24,60,292,351,81,552,545.0,14,0.0,5.5820610687022905
2020,CHA,35,60,306,246,96,534,571.0,13,0.0,3.8083491461100567
2020,CLE,35,60,248,209,59,446,517.0,20,0.0,3.291044776119403
2020,DET,23,58,249,318,62,463,567.0,11,0.0,5.630331753554502
2020,HOU,29,60,279,275,69,478,440.0,16,0.0,4.311068702290076
2020,KCA,26,60,248,272,68,485,527.0,19,0.0,4.299806576402321
2020,LAA,26,60,294,321,85,501,490.0,12,0.0,5.088197969543147
2020,MIN,36,60,269,215,91,468,528.0,17,0.0,3.576623376623376
2020,NYA,33,60,315,270,94,473,480.0,14,0.0,4.350199733688415
2020,OAK,36,60,274,232,71,430,524.0,17,0.0,3.7723156532988353
2020,SEA,27,60,254,303,60,435,545.0,15,0.0,5.034193548387097
2020,TBA,40,60,289,229,80,470,608.0,23,0.0,3.564750473783955
2020,TEX,22,60,224,312,62,420,548.0,10,0.0,5.016774193548388
2020,TOR,32,60,302,312,88,516,508.0,17,0.0,4.63151207115629
2020,ARI,25,60,269,295,58,482,461.0,13,0.0,4.844372990353698
2020,ATL,35,60,348,288,103,556,573.0,13,0.0,4.462809917355371
2020,CHN,34,60,265,240,74,422,568.0,16,0.0,3.993569131832797
2020,CIN,31,60,243,243,90,390,534.0,9,0.0,3.892857142857143
2020,COL,26,60,275,353,63,528,543.0,16,0.0,5.591513616212793
2020,LAN,43,60,349,213,118,523,471.0,15,0.0,3.024133663366337
2020,MIA,31,60,263,304,60,472,537.0,18,0.0,4.857142857142857
2020,MIL,29,60,247,264,75,429,582.0,14,0.0,4.175257731958762
2020,NYN,26,60,286,308,86,551,498.0,11,0.0,5.014285714285714
2020,PHI,28,60,306,311,82,500,480.0,11,0.0,5.197183098591549
2020,PIT,19,60,219,298,59,425,521.0,6,0.0,4.684210526315789
2020,SDN,37,60,325,241,95,506,479.0,13,0.0,3.8744394618834077
2020,SFN,29,60,299,297,81,532,499.0,13,0.0,4.641983258209916
2020,SLN,30,58,240,229,51,410,477.0,13,0.0,3.919661733615222
2020,WAS,26,60,293,301,66,519,451.0,12,0.0,5.092653871608206
2021,BAL,52,162,659,956,195,1296,1454.0,26,793229.0,5.848074179743224
2021,BOS,92,162,829,749,219,1434,1386.0,49,1725323.0,4.274841437632135
2021,CHA,93,162,796,636,190,1373,1389.0,43,1596385.0,3.726128266033254
2021,CLE,80,162,717,727,203,1269,1387.0,39,1114368.0,4.340198863636363
2021,DET,77,162,697,756,179,1299,1514.0,42,1102621.0,4.317210612819911
2021,HOU,95,162,863,658,221,1496,1222.0,34,2068509.0,3.7993079584775087
2021,KCA,74,162,686,788,163,1349,1258.0,37,1159613.0,4.641815616180621
2021,LAA,77,162,723,804,190,1331,1394.0,39,1515689.0,4.690973036342321
2021,MIN,73,162,729,834,228,1311,1405.0,42,1310199.0,4.8318459370596525
2021,NYA,92,162,711,669,222,1266,1482.0,47,1959854.0,3.762192289828147
2021,OAK,86,162,743,687,199,1284,1349.0,39,701430.0,4.019539427773901
2021,SEA,90,162,697,748,199,1209,1492.0,51,1215985.0,4.299004859986114
2021,TBA,100,162,857,651,222,1336,1542.0,42,761072.0,3.672544080604534
2021,TEX,60,162,625,815,167,1254,1381.0,31,2110258.0,4.802246665106483
2021,TOR,91,162,846,663,262,1455,1218.0,34,805901.0,3.9065464895635675
2021,ARI,52,162,679,893,144,1297,1465.0,22,1043010.0,5.149811853245532
2021,ATL,88,161,790,656,239,1307,1453.0,40,2300247.0,3.8917769376181472
2021,CHN,71,162,705,839,210,1255,1596.0,40,1978934.0,4.8801321378008495
2021,CIN,83,162,786,760,222,1352,1425.0,41,1505024.0,4.411108528933303
2021,COL,74,161,739,796,182,1338,1356.0,33,1938645.0,4.825340014316392
2021,LAN,106,162,830,561,237,1330,1408.0,56,2804693.0,3.03099173553719
2021,MIA,67,162,623,701,158,1244,1553.0,33,642617.0,3.956183745583039
2021,MIL,95,162,738,623,194,1251,1465.0,44,1824282.0,3.497214484679666
2021,NYN,77,162,636,668,176,1243,1392.0,41,1511926.0,3.8953600773320445
2021,PHI,82,162,734,745,198,1288,1402.0,36,1515890.0,4.390037593984962
2021,PIT,61,162,609,833,124,1261,1328.0,25,859498.0,5.079016471711626
2021,SDN,79,162,729,708,180,1305,1324.0,43,2191950.0,4.097202797202797
2021,SFN,107,162,804,594,241,1360,1461.0,56,1679484.0,3.247422680412371
2021,SLN,90,162,706,672,198,1303,1341.0,50,2102530.0,3.995059985885674
2021,WAS,65,162,724,820,182,1388,1303.0,36,1465543.0,4.821659096342338
2022,BAL,83,162,674,688,171,1281,1390.0,46,1368367.0,3.974651162790698
2022,BOS,78,162,735,787,155,1427,1373.0,39,2625089.0,4.534591194968553
2022,CHA,81,162,686,717,149,1435,1269.0,48,2009359.0,3.9352981809808885
2022,CLE,92,162,698,634,127,1410,1122.0,51,1295870.0,3.473901098901099
2022,DET,66,162,557,713,110,1240,1413.0,38,1575544.0,4.038271894810988
2022,HOU,106,162,737,518,214,1341,1179.0,53,2688998.0,2.8955258302583027
2022,KCA,65,162,640,810,138,1327,1287.0,33,1277686.0,4.716101694915254
2022,LAA,73,162,623,668,190,1265,1539.0,38,2457461.0,3.7863942419317387
2022,MIN,78,162,696,684,178,1356,1353.0,28,1801128.0,3.9832985386221296
2022,NYA,99,162,807,567,254,1308,1391.0,47,3136207.0,3.3044776119402983
2022,OAK,60,162,568,770,137,1147,1389.0,34,787902.0,4.53680766534237
2022,SEA,90,162,690,623,197,1236,1397.0,40,2287267.0,3.588804422944022
2022,TBA,86,162,666,614,139,1294,1395.0,44,1128127.0,3.410262363594149
2022,TEX,68,162,707,743,198,1308,1446.0,37,2011361.0,4.220905923344947
2022,TOR,92,162,775,679,200,1464,1242.0,46,2653830.0,3.8901480111008326
2022,ARI,74,162,702,740,173,1232,1341.0,33,1605199.0,4.254545454545455
2022,ATL,101,162,789,609,243,1394,1498.0,55,3129931.0,3.455801104972376
2022,CHN,74,162,657,731,159,1293,1448.0,44,2616780.0,4.027245439852228
2022,CIN,62,162,648,815,156,1264,1430.0,31,1395770.0,4.862529274004684
2022,COL,68,162,698,873,149,1408,1330.0,43,2597428.0,5.076707202993452
2022,LAN,111,162,847,513,212,1418,1374.0,43,3861408.0,2.796738631143776
2022,MIA,69,162,586,676,144,1241,1429.0,41,907487.0,3.869666048237477
2022,MIL,86,162,725,688,219,1271,1464.0,52,2422420.0,3.827800829875519
2022,NYN,101,162,772,606,171,1422,1217.0,41,2564737.0,3.584569045412419
2022,PHI,87,162,747,685,205,1392,1363.0,42,2276736.0,3.9759626604434075
2022,PIT,62,162,591,817,158,1186,1497.0,33,1257458.0,4.661505981703026
2022,SDN,89,162,705,660,153,1317,1327.0,48,2987470.0,3.809930715935335
2022,SFN,81,162,716,697,183,1261,1462.0,39,2482686.0,3.862526168876483
2022,SLN,93,162,772,637,197,1386,1226.0,37,3320551.0,3.7926631065706986
2022,WAS,55,162,603,855,136,1351,1221.0,28,2026401.0,5.004722550177095
2023,BAL,101,162,807,678,183,1399,1370.0,49,1936798.0,3.9066727814721394
2023,BOS,78,162,772,776,182,1437,1372.0,43,2672130.0,4.518881118881119
2023,CHA,61,162,641,841,171,1308,1424.0,28,1669628.0,4.878230500582072
2023,CLE,76,162,662,697,124,1379,1142.0,47,1834068.0,3.9702216066481992
2023,DET,78,162,661,740,165,1292,1473.0,41,1612876.0,4.24312456667437
2023,HOU,90,162,827,698,222,1441,1241.0,42,3052347.0,3.9416512915129154
2023,KCA,56,162,676,859,163,1325,1396.0,28,1307052.0,5.167494677075941
2023,LAA,73,162,739,829,231,1346,1524.0,43,2640575.0,4.639348079161816
2023,MIN,87,162,778,659,233,1336,1654.0,38,1974124.0,3.8695452457510338
2023,NYA,82,162,673,698,219,1207,1427.0,44,3269016.0,3.9696689048390827
2023,OAK,50,162,585,924,171,1187,1496.0,29,832352.0,5.483681615402676
2023,SEA,88,162,758,659,210,1332,1603.0,44,2690418.0,3.738270469181233
2023,TBA,99,162,860,665,230,1432,1420.0,45,1440301.0,3.869625520110957
2023,TEX,90,162,881,716,233,1470,1416.0,30,2533044.0,4.279647249941982
2023,TOR,89,162,746,671,188,1423,1303.0,51,3021904.0,3.788059701492537
2023,ARI,84,162,746,761,166,1359,1247.0,44,1961182.0,4.483279145378542
2023,ATL,104,162,947,716,307,1543,1289.0,52,3191505.0,4.1375
2023,CHN,83,162,819,723,196,1399,1391.0,35,2775149.0,4.094519275429633
2023,CIN,82,162,783,821,198,1371,1500.0,53,2038302.0,4.833487725798982
2023,COL,59,162,721,957,163,1368,1543.0,32,2607935.0,5.683875530410184
2023,LAN,100,162,906,699,249,1422,1359.0,44,3837079.0,4.057156026734271
2023,MIA,84,162,666,723,166,1423,1287.0,43,1162819.0,4.213655364607525
2023,MIL,92,162,728,647,165,1290,1412.0,46,2551347.0,3.72972972972973
2023,NYN,75,162,717,729,215,1276,1331.0,34,2573555.0,4.2955989644622266
2023,PHI,90,162,796,715,220,1417,1481.0,45,3052605.0,4.030968338340652
2023,PIT,76,162,692,790,159,1293,1464.0,47,1630624.0,4.613286713286714
2023,SDN,82,162,752,648,205,1316,1311.0,36,3271554.0,3.734906315058987
2023,SFN,79,162,674,719,174,1271,1492.0,50,2500153.0,4.0211431226765795
2023,SLN,71,162,719,829,209,1376,1326.0,36,3241091.0,4.832905484247375
2023,WAS,71,162,700,845,151,1401,1149.0,42,1865832.0,5.02193698949825
